{"data_time": 1.4282110277563334, "eta_seconds": 231750.01438848674, "iteration": 19, "loss_ce": 4.018140554428101, "loss_ce_0": 5.770608425140381, "loss_ce_1": 4.032114148139954, "loss_ce_2": 4.033587574958801, "loss_ce_3": 4.000016689300537, "loss_ce_4": 4.011282205581665, "loss_ce_5": 3.954945206642151, "loss_ce_6": 4.00633442401886, "loss_ce_7": 3.963163375854492, "loss_ce_8": 3.9299784898757935, "loss_dice": 4.4216468334198, "loss_dice_0": 4.159249782562256, "loss_dice_1": 4.186519622802734, "loss_dice_2": 4.247962951660156, "loss_dice_3": 4.2604079246521, "loss_dice_4": 4.387104034423828, "loss_dice_5": 4.3755834102630615, "loss_dice_6": 4.446744203567505, "loss_dice_7": 4.477417707443237, "loss_dice_8": 4.420854091644287, "loss_mask": 2.3551416397094727, "loss_mask_0": 1.783498466014862, "loss_mask_1": 1.9712916016578674, "loss_mask_2": 2.200389266014099, "loss_mask_3": 2.395452618598938, "loss_mask_4": 2.2835251092910767, "loss_mask_5": 2.6309587955474854, "loss_mask_6": 2.432224988937378, "loss_mask_7": 2.3737763166427612, "loss_mask_8": 2.338538646697998, "lr": 9.998099979942892e-05, "rank_data_time": 1.4282110277563334, "time": 2.57557250931859, "total_loss": 108.07838839292526}
{"data_time": 1.3268958106637, "eta_seconds": 230694.95725132525, "iteration": 39, "loss_ce": 3.421737551689148, "loss_ce_0": 5.7735865116119385, "loss_ce_1": 3.1847240924835205, "loss_ce_2": 3.2979942560195923, "loss_ce_3": 3.333395004272461, "loss_ce_4": 3.4134570360183716, "loss_ce_5": 3.421059012413025, "loss_ce_6": 3.4362707138061523, "loss_ce_7": 3.443757176399231, "loss_ce_8": 3.4422900676727295, "loss_dice": 4.196913957595825, "loss_dice_0": 3.940509080886841, "loss_dice_1": 3.96559739112854, "loss_dice_2": 4.026338577270508, "loss_dice_3": 4.079265356063843, "loss_dice_4": 4.168442726135254, "loss_dice_5": 4.220044374465942, "loss_dice_6": 4.235060453414917, "loss_dice_7": 4.277118921279907, "loss_dice_8": 4.2198755741119385, "loss_mask": 1.665950894355774, "loss_mask_0": 1.5713839530944824, "loss_mask_1": 1.578912377357483, "loss_mask_2": 1.538707435131073, "loss_mask_3": 1.5354607105255127, "loss_mask_4": 1.571973979473114, "loss_mask_5": 1.5807058811187744, "loss_mask_6": 1.5671585202217102, "loss_mask_7": 1.5007283687591553, "loss_mask_8": 1.5556687116622925, "lr": 9.996099915486572e-05, "rank_data_time": 1.3268958106637, "time": 2.5644170437008142, "total_loss": 93.71332031488419}
{"data_time": 1.2554160747677088, "eta_seconds": 222380.54014172405, "iteration": 59, "loss_ce": 3.423962116241455, "loss_ce_0": 5.73036527633667, "loss_ce_1": 3.0212751626968384, "loss_ce_2": 3.1458842754364014, "loss_ce_3": 3.2477333545684814, "loss_ce_4": 3.3127858638763428, "loss_ce_5": 3.2986713647842407, "loss_ce_6": 3.4787813425064087, "loss_ce_7": 3.423267960548401, "loss_ce_8": 3.414636254310608, "loss_dice": 3.8585126399993896, "loss_dice_0": 3.7849258184432983, "loss_dice_1": 3.7581511735916138, "loss_dice_2": 3.732643246650696, "loss_dice_3": 3.8217854499816895, "loss_dice_4": 3.922461152076721, "loss_dice_5": 3.9000070095062256, "loss_dice_6": 3.8938907384872437, "loss_dice_7": 3.9225308895111084, "loss_dice_8": 3.899085283279419, "loss_mask": 1.4911085367202759, "loss_mask_0": 1.4729139804840088, "loss_mask_1": 1.4656978249549866, "loss_mask_2": 1.4909104108810425, "loss_mask_3": 1.5058873891830444, "loss_mask_4": 1.5160986185073853, "loss_mask_5": 1.500162124633789, "loss_mask_6": 1.484226942062378, "loss_mask_7": 1.512305200099945, "loss_mask_8": 1.4983038902282715, "lr": 9.99409980656461e-05, "rank_data_time": 1.2554160747677088, "time": 2.3909647315740585, "total_loss": 89.85016494989395}
